{
 "ours_500": {
  "SSIM": {
   "00000.png": 0.4608438313007355,
   "00001.png": 0.452914834022522,
   "00002.png": 0.4821435213088989,
   "00003.png": 0.4521728754043579,
   "00004.png": 0.4271842837333679,
   "00005.png": 0.5008834600448608,
   "00006.png": 0.5488157272338867,
   "00007.png": 0.5577751398086548,
   "00008.png": 0.5338468551635742,
   "00009.png": 0.5252736806869507,
   "00010.png": 0.5341667532920837,
   "00011.png": 0.5354169011116028,
   "00012.png": 0.5258402228355408,
   "00013.png": 0.519896388053894,
   "00014.png": 0.5471442341804504,
   "00015.png": 0.49769940972328186,
   "00016.png": 0.5199385285377502,
   "00017.png": 0.5226448178291321,
   "00018.png": 0.5057873129844666,
   "00019.png": 0.5019553303718567,
   "00020.png": 0.5280875563621521,
   "00021.png": 0.5220860838890076,
   "00022.png": 0.49475452303886414,
   "00023.png": 0.553205668926239
  },
  "PSNR": {
   "00000.png": 19.876388549804688,
   "00001.png": 19.233745574951172,
   "00002.png": 20.535938262939453,
   "00003.png": 19.443824768066406,
   "00004.png": 16.68496322631836,
   "00005.png": 21.216503143310547,
   "00006.png": 22.31414794921875,
   "00007.png": 21.125505447387695,
   "00008.png": 21.602352142333984,
   "00009.png": 22.3299617767334,
   "00010.png": 21.6160888671875,
   "00011.png": 21.30413818359375,
   "00012.png": 21.956422805786133,
   "00013.png": 22.906972885131836,
   "00014.png": 23.417526245117188,
   "00015.png": 20.912273406982422,
   "00016.png": 22.448440551757812,
   "00017.png": 22.589122772216797,
   "00018.png": 21.364992141723633,
   "00019.png": 21.047914505004883,
   "00020.png": 22.666826248168945,
   "00021.png": 21.942251205444336,
   "00022.png": 21.409337997436523,
   "00023.png": 22.58061408996582
  },
  "LPIPS": {
   "00000.png": 0.5357598662376404,
   "00001.png": 0.5594333410263062,
   "00002.png": 0.5481505393981934,
   "00003.png": 0.5349758863449097,
   "00004.png": 0.5576534867286682,
   "00005.png": 0.518708348274231,
   "00006.png": 0.4956943690776825,
   "00007.png": 0.4847078025341034,
   "00008.png": 0.4891738295555115,
   "00009.png": 0.4910510778427124,
   "00010.png": 0.4991037845611572,
   "00011.png": 0.4932730197906494,
   "00012.png": 0.4952089190483093,
   "00013.png": 0.4951215386390686,
   "00014.png": 0.48888713121414185,
   "00015.png": 0.5056142210960388,
   "00016.png": 0.4949673116207123,
   "00017.png": 0.48970720171928406,
   "00018.png": 0.5068789720535278,
   "00019.png": 0.512172281742096,
   "00020.png": 0.48229506611824036,
   "00021.png": 0.48798996210098267,
   "00022.png": 0.5025550127029419,
   "00023.png": 0.4737885892391205
  }
 }
}