{
 "ours_500": {
  "SSIM": 0.5104365944862366,
  "PSNR": 21.355260848999023,
  "LPIPS": 0.5059529542922974
 }
}