{
  "test": {
    "l1": 0.06006188395743569,
    "l2": 0.007796509579444925,
    "psnr": 21.35604977607727,
    "ssim": 0.5106765342255434
  },
  "train": {
    "l1": 0.05885404577444059,
    "l2": 0.007446094910666254,
    "psnr": 21.508624059072933,
    "ssim": 0.5142658260298072
  }
}