{
  "mem": 2.387557029724121,
  "elapsed_time": 45.15283179283142,
  "num_GS": 138766,
  "num_gaussians": 138766,
  "lhs_coverage_pct": null,
  "frame_selection_method": "SGD_Init"
}